{
  "BAF": 0.5,
  "CR": 0.0,
  "CRsp": 1.0,
  "CSM": -0.5775756185074802,
  "CVR": 0.006944444444444444,
  "DF": 0.3333333333333333,
  "DR": 1.086956521738539,
  "ECA": 0.1574737007617029,
  "FLF": 0.5,
  "IR": 0.0,
  "MER": 0.1394479166321267,
  "MVR": 0.0,
  "PAR": 0.5,
  "PCR": 0.5,
  "RC": 0.9999999999994995,
  "SBR": -0.07757561850748022,
  "SME": 0.0,
  "TRV": 0.0,
  "TSPIR": 0.5,
  "TT": 214.20718667456367
}