method,BAF,CR,CRsp,CSM,CVR,DF,DR,ECA,FLF,IR,MER,MVR,PAR,PCR,RC,SBR,SME,TRV,TSPIR,TT
full,0.5,0.0,0.0,-0.38750000005625,0.0,1.0,1.1111111111108098,-0.7571726190457715,0.5,0.0,0.26666666657777777,0.0,0.5,0.5,0.49999999999987793,0.11249999994374998,0.0,0.0,0.0,355.75
no_capability_compiler,1.0,0.0,0.0,0.07335307880956694,0.029411764705882353,1.0,1.1111111111108098,-0.5143452380939835,1.0,0.0,0.6947531067574647,0.5,1.0,1.0,0.9999999999997559,0.07335307880956694,0.0,0.0,0.0,199.0
no_service_automaton,0.5,0.0,0.0,-0.38750000005625,0.0,1.0,1.1111111111108098,-0.7571726190457715,0.5,0.0,0.26666666657777777,0.0,0.5,0.5,0.49999999999987793,0.11249999994374998,0.0,0.0,0.0,355.75
no_casa_net_transitions,0.5,0.0,0.0,-0.38750000005625,0.0,1.0,1.1111111111108098,-0.7571726190457715,0.5,0.0,0.26666666657777777,0.0,0.5,0.5,0.49999999999987793,0.11249999994374998,0.0,0.0,0.0,355.75
no_typed_resource_ledger,0.0,0.0,0.0,-1.0,0.0,1.0,1.1111111111108098,-0.9999999999975595,0.0,0.0,0.0,0.0,0.0,0.0,0.0,0.0,0.0,0.0,0.0,512.5
no_conservative_margins,1.0,0.0,0.0,0.16476777087727787,0.0,1.0,1.1111111111108098,-0.5143452380939835,1.0,0.0,0.6079089684127816,0.0,1.0,1.0,0.9999999999997559,0.16476777087727787,0.0,0.0,0.0,199.0
no_completion_value_guidance,0.5,0.0,0.0,-0.38750000005625,0.0,1.0,1.1111111111108098,-0.7571726190457715,0.5,0.0,0.26666666657777777,0.0,0.5,0.5,0.49999999999987793,0.11249999994374998,0.0,0.0,0.0,355.75
soft_only_capability,1.0,0.0,0.0,0.07335307880956694,0.029411764705882353,1.0,1.1111111111108098,-0.5143452380939835,1.0,0.0,0.6947531067574647,0.5,1.0,1.0,0.9999999999997559,0.07335307880956694,0.0,0.0,0.0,199.0
