{
  "BAF": 0.5,
  "CR": 0.0,
  "CRsp": 1.0,
  "CSM": -0.43026706438376666,
  "CVR": 0.16666666666666666,
  "DF": 0.0,
  "DR": 1.086956521738474,
  "ECA": 0.0,
  "FLF": 0.5,
  "IR": 0.0,
  "MER": 0.29861111103788585,
  "MVR": 0.0,
  "PAR": 1.0,
  "PCR": 0.5,
  "RC": 0.9999999999994444,
  "SBR": -0.43026706438376666,
  "SME": 0.0,
  "TRV": 0.0,
  "TSPIR": 0.5,
  "TT": 145.18439498849233
}