{
  "BAF": 0.3333333333333333,
  "CR": 0.0,
  "CRsp": 1.0,
  "CSM": -0.6307392417624814,
  "CVR": 0.20138888888888887,
  "DF": 0.0,
  "DR": 1.086956521738539,
  "ECA": 0.0,
  "FLF": 0.3333333333333333,
  "IR": 0.0,
  "MER": 0.3616296295311392,
  "MVR": 0.0,
  "PAR": 1.0,
  "PCR": 0.3333333333333333,
  "RC": 0.9999999999994995,
  "SBR": -0.6307392417624814,
  "SME": 0.0,
  "TRV": 0.0,
  "TSPIR": 0.6666666666666666,
  "TT": 145.4259214091554
}