{
  "BAF": 0.0,
  "CR": 0.0,
  "CRsp": 1.0,
  "CSM": -1.0,
  "CVR": 0.0,
  "DF": 0.0,
  "DR": 1.086956521738539,
  "ECA": 0.24999999999874864,
  "FLF": 0.0,
  "IR": 0.0,
  "MER": 0.0,
  "MVR": 0.0,
  "PAR": 0.0,
  "PCR": 0.0,
  "RC": 0.9999999999994995,
  "SBR": 0.0,
  "SME": 0.0,
  "TRV": 0.0,
  "TSPIR": 1.0,
  "TT": 251.25
}