method,BAF,CR,CRsp,CSM,CVR,DF,DR,ECA,FLF,IR,MER,MVR,PAR,PCR,RC,SBR,SME,TRV,TSPIR,TT
full,0.5,0.0,1.0,-0.43026706438376666,0.0,0.0,1.086956521738474,0.12499999999930557,0.5,0.0,0.124999999975,0.0,0.5,0.5,0.9999999999994444,0.06973293561623335,0.0,0.0,0.5,185.09219749424616
no_capability_compiler,0.5,0.0,1.0,-0.43026706438376666,0.16666666666666666,0.0,1.086956521738474,0.0,0.5,0.0,0.29861111103788585,0.0,1.0,0.5,0.9999999999994444,-0.43026706438376666,0.0,0.0,0.5,145.18439498849233
no_service_automaton,0.5,0.0,1.0,-0.43026706438376666,0.0,0.0,1.086956521738474,0.12499999999930557,0.5,0.0,0.124999999975,0.0,0.5,0.5,0.9999999999994444,0.06973293561623335,0.0,0.0,0.5,185.09219749424616
no_casa_net_transitions,0.5,0.0,1.0,-0.43026706438376666,0.0,0.0,1.086956521738474,0.12499999999930557,0.5,0.0,0.124999999975,0.0,0.5,0.5,0.9999999999994444,0.06973293561623335,0.0,0.0,0.5,185.09219749424616
no_typed_resource_ledger,0.0,0.0,1.0,-1.0,0.0,0.0,1.086956521738474,0.24999999999861114,0.0,0.0,0.0,0.0,0.0,0.0,0.9999999999994444,0.0,0.0,0.0,1.0,225.0
no_conservative_margins,0.5,0.0,1.0,-0.385756679947873,0.0,0.0,1.086956521738474,0.12499999999930557,0.5,0.0,0.109999999978,0.0,0.5,0.5,0.9999999999994444,0.11424332005212698,0.0,0.0,0.5,185.09219749424616
no_completion_value_guidance,0.5,0.0,1.0,-0.43026706438376666,0.0,0.0,1.086956521738474,0.12499999999930557,0.5,0.0,0.124999999975,0.0,0.5,0.5,0.9999999999994444,0.06973293561623335,0.0,0.0,0.5,185.09219749424616
soft_only_capability,0.5,0.0,1.0,-0.43026706438376666,0.16666666666666666,0.0,1.086956521738474,0.0,0.5,0.0,0.29861111103788585,0.0,1.0,0.5,0.9999999999994444,-0.43026706438376666,0.0,0.0,0.5,145.18439498849233
