{
  "BAF": 0.5,
  "CR": 0.0,
  "CRsp": 0.0,
  "CSM": -0.38750000005625,
  "CVR": 0.0,
  "DF": 1.0,
  "DR": 1.1111111111108098,
  "ECA": -0.7571726190457715,
  "FLF": 0.5,
  "IR": 0.0,
  "MER": 0.26666666657777777,
  "MVR": 0.0,
  "PAR": 0.5,
  "PCR": 0.5,
  "RC": 0.49999999999987793,
  "SBR": 0.11249999994374998,
  "SME": 0.0,
  "TRV": 0.0,
  "TSPIR": 0.0,
  "TT": 355.75
}