method,BAF,CR,CRsp,CSM,CVR,DF,DR,ECA,FLF,IR,MER,MVR,PAR,PCR,RC,SBR,SME,TRV,TSPIR,TT
full,0.3333333333333333,0.0,1.0,-0.6027063816109336,0.0,0.5,1.086956521738539,0.1666666666658324,0.3333333333333333,0.0,0.09033333331526666,0.0,0.3333333333333333,0.3333333333333333,0.9999999999994995,0.0639602850557331,0.0,0.0,0.6666666666666666,215.97530713638514
no_capability_compiler,0.3333333333333333,0.0,1.0,-0.617112855814694,0.19791666666666666,0.0,1.086956521738539,0.0,0.3333333333333333,0.0,0.35694212953260407,0.0,1.0,0.3333333333333333,0.9999999999994995,-0.617112855814694,0.0,0.0,0.6666666666666666,145.4259214091554
no_service_automaton,0.3333333333333333,0.0,1.0,-0.6027063816109336,0.0,0.5,1.086956521738539,0.1666666666658324,0.3333333333333333,0.0,0.09033333331526666,0.0,0.3333333333333333,0.3333333333333333,0.9999999999994995,0.0639602850557331,0.0,0.0,0.6666666666666666,215.97530713638514
no_casa_net_transitions,0.3333333333333333,0.0,1.0,-0.6027063816109336,0.0,0.5,1.086956521738539,0.1666666666658324,0.3333333333333333,0.0,0.09033333331526666,0.0,0.3333333333333333,0.3333333333333333,0.9999999999994995,0.0639602850557331,0.0,0.0,0.6666666666666666,215.97530713638514
no_typed_resource_ledger,0.0,0.0,1.0,-1.0,0.0,0.0,1.086956521738539,0.24999999999874864,0.0,0.0,0.0,0.0,0.0,0.0,0.9999999999994995,0.0,0.0,0.0,1.0,251.25
no_conservative_margins,0.5,0.0,1.0,-0.5775756185074802,0.006944444444444444,0.3333333333333333,1.086956521738539,0.1574737007617029,0.5,0.0,0.1394479166321267,0.0,0.5,0.5,0.9999999999994995,-0.07757561850748022,0.0,0.0,0.5,214.20718667456367
no_completion_value_guidance,0.3333333333333333,0.0,1.0,-0.6027063816109336,0.0,0.5,1.086956521738539,0.1666666666658324,0.3333333333333333,0.0,0.09033333331526666,0.0,0.3333333333333333,0.3333333333333333,0.9999999999994995,0.0639602850557331,0.0,0.0,0.6666666666666666,215.97530713638514
soft_only_capability,0.3333333333333333,0.0,1.0,-0.6307392417624814,0.20138888888888887,0.0,1.086956521738539,0.0,0.3333333333333333,0.0,0.3616296295311392,0.0,1.0,0.3333333333333333,0.9999999999994995,-0.6307392417624814,0.0,0.0,0.6666666666666666,145.4259214091554
