{
  "BAF": 0.5,
  "CR": 0.0,
  "CRsp": 1.0,
  "CSM": -0.43026706438376666,
  "CVR": 0.0,
  "DF": 0.0,
  "DR": 1.086956521738474,
  "ECA": 0.12499999999930557,
  "FLF": 0.5,
  "IR": 0.0,
  "MER": 0.124999999975,
  "MVR": 0.0,
  "PAR": 0.5,
  "PCR": 0.5,
  "RC": 0.9999999999994444,
  "SBR": 0.06973293561623335,
  "SME": 0.0,
  "TRV": 0.0,
  "TSPIR": 0.5,
  "TT": 185.09219749424616
}