{
  "BAF": 1.0,
  "CR": 0.0,
  "CRsp": 0.0,
  "CSM": 0.07335307880956694,
  "CVR": 0.029411764705882353,
  "DF": 1.0,
  "DR": 1.1111111111108098,
  "ECA": -0.5143452380939835,
  "FLF": 1.0,
  "IR": 0.0,
  "MER": 0.6947531067574647,
  "MVR": 0.5,
  "PAR": 1.0,
  "PCR": 1.0,
  "RC": 0.9999999999997559,
  "SBR": 0.07335307880956694,
  "SME": 0.0,
  "TRV": 0.0,
  "TSPIR": 0.0,
  "TT": 199.0
}