{
  "BAF": 0.3333333333333333,
  "CR": 0.0,
  "CRsp": 1.0,
  "CSM": -0.6027063816109336,
  "CVR": 0.0,
  "DF": 0.5,
  "DR": 1.086956521738539,
  "ECA": 0.1666666666658324,
  "FLF": 0.3333333333333333,
  "IR": 0.0,
  "MER": 0.09033333331526666,
  "MVR": 0.0,
  "PAR": 0.3333333333333333,
  "PCR": 0.3333333333333333,
  "RC": 0.9999999999994995,
  "SBR": 0.0639602850557331,
  "SME": 0.0,
  "TRV": 0.0,
  "TSPIR": 0.6666666666666666,
  "TT": 215.97530713638514
}