{
  "BAF": 0.0,
  "CR": 0.0,
  "CRsp": 0.0,
  "CSM": -1.0,
  "CVR": 0.0,
  "DF": 1.0,
  "DR": 1.1111111111108098,
  "ECA": -0.9999999999975595,
  "FLF": 0.0,
  "IR": 0.0,
  "MER": 0.0,
  "MVR": 0.0,
  "PAR": 0.0,
  "PCR": 0.0,
  "RC": 0.0,
  "SBR": 0.0,
  "SME": 0.0,
  "TRV": 0.0,
  "TSPIR": 0.0,
  "TT": 512.5
}